<?xml version="1.0" encoding="utf-8"?>
<extension version="2.5" type="plugin" group="content" method="upgrade">
    <name>PLG_AUTHORINFOBOX</name>
    <version>2.5-7</version>
    <creationDate>2013-05-22</creationDate>
    <license>http://www.gnu.org/licenses/gpl-3.0</license>
    <copyright>Copyright 2013 Viktor Vogel. All rights reserved.</copyright>
    <author>Viktor Vogel</author>
    <authorEmail>admin@kubik-rubik.de</authorEmail>
    <authorUrl>http://joomla-extensions.kubik-rubik.de/</authorUrl>
    <description>PLG_AUTHORINFOBOX_XML_DESCRIPTION</description>
    <files>
        <filename plugin="authorinfobox">authorinfobox.php</filename>
        <filename plugin="authorinfobox">authorinfobox.css</filename>
        <filename plugin="authorinfobox">index.html</filename>
        <folder plugin="authorinfobox">fields</folder>
    </files>
    <languages>
        <language tag="en-GB">language/en-GB/en-GB.plg_content_authorinfobox.ini</language>
        <language tag="en-GB">language/en-GB/en-GB.plg_content_authorinfobox.sys.ini</language>
        <language tag="de-DE">language/de-DE/de-DE.plg_content_authorinfobox.ini</language>
        <language tag="de-DE">language/de-DE/de-DE.plg_content_authorinfobox.sys.ini</language>
    </languages>
    <config>
        <fields name="params" addfieldpath="/plugins/content/authorinfobox/fields">
            <fieldset name="basic">
                <field type="krdonationcodecheck" />
                <field type="krversioncheck" name="krversioncheck" default="aib|2.5-7" />
                <field name="general_spacer" type="krtitle" default="PLG_AUTHORINFOBOX_SPACER_GENERAL" />
                <field name="position" type="list" default="1" label="PLG_AUTHORINFOBOX_POSITION" description="PLG_AUTHORINFOBOX_POSITIONDESC">
                    <option value="0">PLG_AUTHORINFOBOX_BEFORECONTENT</option>
                    <option value="1">PLG_AUTHORINFOBOX_AFTERCONTENT</option>
                </field>
                <field name="articleview" type="list" default="1" label="PLG_AUTHORINFOBOX_ARTICLEVIEW" description="PLG_AUTHORINFOBOX_ARTICLEVIEWDESC">
                    <option value="0">JNO</option>
                    <option value="1">JYES</option>
                </field>
                <field name="output_spacer" type="krtitle" default="PLG_AUTHORINFOBOX_SPACER_OUTPUT" />
                <field name="title" type="text" default="" size="40" label="PLG_AUTHORINFOBOX_TITLE" description="PLG_AUTHORINFOBOX_TITLEDESC" />
                <field name="name" type="list" default="0" label="PLG_AUTHORINFOBOX_NAME" description="PLG_AUTHORINFOBOX_NAMEDESC">
                    <option value="0">JNO</option>
                    <option value="1">PLG_AUTHORINFOBOX_USERNAME</option>
                    <option value="2">PLG_AUTHORINFOBOX_REALNAME</option>
                </field>
                <field name="name_link" type="list" default="0" label="PLG_AUTHORINFOBOX_NAMELINK" description="PLG_AUTHORINFOBOX_NAMELINKDESC">
                    <option value="0">JNO</option>
                    <option value="1">PLG_AUTHORINFOBOX_JOMSOCIALPROFILE</option>
                    <option value="2">PLG_AUTHORINFOBOX_KUNENAPROFILE</option>
                    <option value="3">PLG_AUTHORINFOBOX_AUTHORLISTPROFILE</option>
                    <option value="4">PLG_AUTHORINFOBOX_COMCONTACTPROFILE</option>
                </field>
                <field name="avatar" type="list" default="0" label="PLG_AUTHORINFOBOX_AVATAR" description="PLG_AUTHORINFOBOX_AVATARDESC">
                    <option value="0">JNO</option>
                    <option value="1">PLG_AUTHORINFOBOX_AVATAR_GRAVATAR</option>
                    <option value="2">PLG_AUTHORINFOBOX_AVATAR_JOMSOCIAL</option>
                    <option value="3">PLG_AUTHORINFOBOX_AVATAR_KUNENA</option>
                    <option value="4">PLG_AUTHORINFOBOX_AVATAR_AUTHORLIST</option>
                </field>
                <field name="show_website" type="list" default="0" label="PLG_AUTHORINFOBOX_WEBSITE" description="PLG_AUTHORINFOBOX_WEBSITEDESC">
                    <option value="0">JNO</option>
                    <option value="1">PLG_AUTHORINFOBOX_WEBSITE_JPROFILEPLUGIN</option>
                    <option value="2">PLG_AUTHORINFOBOX_WEBSITE_JOMSOCIAL</option>
                    <option value="3">PLG_AUTHORINFOBOX_WEBSITE_KUNENA</option>
                </field>
                <field name="show_email" type="list" default="0" label="PLG_AUTHORINFOBOX_EMAIL" description="PLG_AUTHORINFOBOX_EMAILDESC">
                    <option value="0">JNO</option>
                    <option value="1">JYES</option>
                    <option value="2">PLG_AUTHORINFOBOX_EMAIL_SHOWPLAINTEXT</option>
                </field>
                <field name="title_description" type="text" default="" size="40" label="PLG_AUTHORINFOBOX_TITLEDESCRIPTION" description="PLG_AUTHORINFOBOX_TITLEDESCRIPTIONDESC" />
                <field name="show_description" type="list" default="0" label="PLG_AUTHORINFOBOX_DESCRIPTION" description="PLG_AUTHORINFOBOX_DESCRIPTIONDESC">
                    <option value="0">JNO</option>
                    <option value="1">PLG_AUTHORINFOBOX_DESCRIPTION_JPROFILEPLUGIN</option>
                    <option value="2">PLG_AUTHORINFOBOX_DESCRIPTION_JOMSOCIAL</option>
                    <option value="3">PLG_AUTHORINFOBOX_DESCRIPTION_KUNENA</option>
                    <option value="4">PLG_AUTHORINFOBOX_DESCRIPTION_AUTHORLIST</option>
                </field>
                <field name="exclusion_spacer" type="krtitle" default="PLG_AUTHORINFOBOX_SPACER_EXCLUSION" />
                <field name="exclude_authors_ids" type="textarea" default="" rows="2" cols="50" label="PLG_AUTHORINFOBOX_EXCLUDEAUTHORSIDS" description="PLG_AUTHORINFOBOX_EXCLUDEAUTHORSIDSDESC" />
                <field name="exclude_articles_ids" type="textarea" default="" rows="2" cols="50" label="PLG_AUTHORINFOBOX_EXCLUDEARTICLEIDS" description="PLG_AUTHORINFOBOX_EXCLUDEARTICLEIDSDESC" />
                <field name="exclude_articles_itemids" type="textarea" default="" rows="2" cols="50" label="PLG_AUTHORINFOBOX_EXCLUDEARTICLEITEMIDS" description="PLG_AUTHORINFOBOX_EXCLUDEARTICLEITEMIDSDESC" />
                <field name="exclude_articles_categories" type="textarea" default="" rows="2" cols="50" label="PLG_AUTHORINFOBOX_EXCLUDEARTICLECATEGORIES" description="PLG_AUTHORINFOBOX_EXCLUDEARTICLECATEGORIESDESC" />
            </fieldset>
            <fieldset name="donation">
                <field name="donation_code" type="text" default="" size="40" label="KR_DONATION_CODE" description="KR_DONATION_CODEDESC" />
            </fieldset>
            <fieldset name="versioncheck">
                <field name="versioncheck_enable" type="list" default="1" label="KR_VERSION_CHECK" description="KR_VERSION_CHECKDESC">
                    <option value="1">KR_VERSION_CHECK_ONCESESSION</option>
                    <option value="2">KR_VERSION_CHECK_ONEVERYLOAD</option>
                    <option value="0">JNO</option>
                </field>
            </fieldset>
        </fields>
    </config>
</extension>
