<?xml version="1.0" encoding="utf-8"?>
<extension version="2.5" type="plugin" group="user" method="upgrade">
    <name>PLG_USER_AIBPROFILE</name>
    <version>2.5-8</version>
    <creationDate>2014-01-03</creationDate>
    <license>http://www.gnu.org/licenses/gpl-3.0</license>
    <copyright>Copyright 2014 Viktor Vogel. All rights reserved.</copyright>
    <author>Viktor Vogel</author>
    <authorEmail>admin@kubik-rubik.de</authorEmail>
    <authorUrl>http://joomla-extensions.kubik-rubik.de/</authorUrl>
    <description>PLG_USER_AIBPROFILE_XML_DESCRIPTION</description>
    <files>
        <filename plugin="aibprofile">aibprofile.php</filename>
        <filename plugin="aibprofile">index.html</filename>
        <folder plugin="aibprofile">profiles</folder>
        <folder plugin="aibprofile">fields</folder>
        <folder plugin="aibprofile">sql</folder>
    </files>
    <install>
        <sql>
            <file driver="mysql" charset="utf8">sql/install.mysql.utf8.sql</file>
        </sql>
    </install>
    <languages>
        <language tag="en-GB">language/en-GB/en-GB.plg_user_aibprofile.ini</language>
        <language tag="en-GB">language/en-GB/en-GB.plg_user_aibprofile.sys.ini</language>
        <language tag="de-DE">language/de-DE/de-DE.plg_user_aibprofile.ini</language>
        <language tag="de-DE">language/de-DE/de-DE.plg_user_aibprofile.sys.ini</language>
    </languages>
    <config>
        <fields name="params" addfieldpath="/plugins/user/aibprofile/fields">
            <fieldset name="basic">
                <field type="krdonationcodecheck" />
                <field type="krversioncheck" name="krversioncheck" default="aib|2.5-8" />
                <field type="krtitle" name="nosettings" label="PLG_USER_AIBPROFILE_NOSETTINGS" />
            </fieldset>
            <fieldset name="donation">
                <field name="donation_code" type="text" default="" size="40" label="KR_DONATION_CODE" description="KR_DONATION_CODEDESC" />
            </fieldset>
            <fieldset name="versioncheck">
                <field name="versioncheck_enable" type="list" default="1" label="KR_VERSION_CHECK" description="KR_VERSION_CHECKDESC">
                    <option value="1">KR_VERSION_CHECK_ONCESESSION</option>
                    <option value="2">KR_VERSION_CHECK_ONEVERYLOAD</option>
                    <option value="0">JNO</option>
                </field>
            </fieldset>
        </fields>
    </config>
</extension>
